IIPR,amc
ALSN,amc
VRTX,amc
MED,amc
ON,amc
WMB,amc
RIG,amc
BSM,amc
APLE,amc
VNOM,amc
FANG,amc
IAC,amc
TSN,bmo
FLY,amc
LSCC,amc
OTTR,amc
ICHR,amc
AXSM,bmo
BMRN,amc
SONO,amc
CBL,--
AEIS,amc
AMRC,amc
NCLH,bmo
MATX,amc
FN,amc
ADUS,amc
BCC,amc
NMFC,amc
NHI,amc
PNW,bmo
L,bmo
DORM,amc
PLTR,amc
CTRA,--
BWXT,amc
RBA,amc
CIB,amc
STRL,amc
GRAB,amc
CRBG,amc
PINS,amc
CNA,bmo
EQH,amc
PSKY,amc
POWL,amc
HESM,bmo
KRYS,bmo
VAL,amc
MSA,amc
JBTM,amc
NJR,amc
VNO,amc
OGS,amc
SEB,--
DUOL,amc
OSIS,amc
IBOC,--
TDW,amc
CRGY,amc
TVTX,amc
GBNXF,amc
GBDC,amc
TWST,bmo
MZTI,bmo
PAY,amc
ADEA,amc
BWIN,amc
GBTG,bmo
IPAR,--
ERO,amc
AESI,amc
VVX,amc
ALG,amc
EZPW,--
ANAB,--
INVX,amc
WGS,amc
DHC,amc
NSSC,bmo
INSP,amc
NUVB,amc
TNC,amc
UFPT,amc
PLSE,bmo
ADTN,amc
VOYG,amc
IIPZF,amc
LOMA,amc
ALX,bmo
IAUX,--
RLJ,bmo
CSR,amc
CCOI,bmo
PLOW,amc
ORIC,--
UTL,amc
CGJTF,amc
MTUS,amc
VTS,amc
AHRT,amc
HSTM,amc
TDUP,amc
TCMD,amc
CRD.A,amc
EVER,amc
CYRX,amc
CRD.B,amc
ADCT,bmo
EOLS,amc
RPAY,amc
IMRX,--
ARTNA,--
FSTR,bmo
AMNF,--
AVNW,amc
JRVR,amc
BRCC,amc
BLZE,amc
SGC,bmo
RAIL,amc
JELD,amc
BDSX,amc
TYBT,--
OXBC,--
OROXF,--
BMEA,--
CPTP,bmo
GAIA,amc
GECC,--
CHYI,--
NSPR,amc
MYPS,--
MSVB,--
SCYT,--
APUS,bmo
CIBN,--
UEEC,--
GIGM,--
VSTD,--
AMLM,--
IMTE,--
CTNT,--
CCCGY,--
CBLAQ,--
AMD,amc
PYPL,bmo
PFE,bmo
ET,bmo
SHOP,bmo
EXEL,amc
ANET,amc
ADM,bmo
MPC,bmo
INTT,bmo
DUK,bmo
EA,amc
SWKS,amc
OXY,amc
CRSP,--
CC,amc
AEP,bmo
LITE,amc
PRU,amc
GNL,amc
BUD,bmo
MTCH,amc
CMI,bmo
EOG,amc
AEE,amc
ATKR,bmo
QLYS,amc
CRIS,--
MPLX,bmo
EMR,amc
CRC,amc
TRVG,amc
CRBP,--
LOGI,amc
MYGN,amc
DVN,amc
HII,bmo
SUN,bmo
SU,amc
ANGI,amc
UIS,amc
CE,amc
AROC,amc
PBI,amc
GPOR,amc
ROK,bmo
CCJ,bmo
ETN,bmo
COTY,amc
KKR,bmo
NBIX,amc
MASI,--
IDXX,bmo
HOG,bmo
QRVO,amc
BJRI,amc
DOC,amc
GNW,amc
HSBC,--
QDEL,amc
CRMD,--
FISV,bmo
MCY,amc
DVA,amc
KBR,bmo
HRZN,amc
WEC,bmo
AMC,amc
IPGP,bmo
SAR,amc
WLK,bmo
BFAM,amc
JAZZ,amc
APTV,bmo
MFA,bmo
HTGC,amc
HL,amc
TDG,bmo
RYAM,amc
PEG,bmo
RACE,bmo
TX,amc
DHX,amc
SUPN,amc
LYV,amc
IAG,amc
EXPD,--
VECO,amc
FTK,amc
SSRM,amc
CACC,amc
LDOS,bmo
CPIX,--
NPO,bmo
AUDC,bmo
GSM,amc
PAAS,amc
OLP,--
NLST,--
PMT,amc
USAC,bmo
BLDP,bmo
BL,amc
RGEN,bmo
HSIC,bmo
CVGI,amc
IQV,bmo
AHT,--
TRI,bmo
CBT,amc
RPD,amc
XRAY,amc
SWX,bmo
WTTR,amc
GPMT,amc
MTW,amc
IFF,amc
ATRC,amc
IT,bmo
TSLX,amc
OCUL,bmo
EVC,amc
TDC,amc
PARR,amc
RIGL,amc
CRK,amc
ALKS,bmo
SMCI,amc
CHCT,amc
QURE,bmo
OFIX,bmo
VCYT,amc
VAC,bmo
MRCY,amc
DHT,amc
ACGBY,--
CHDRY,--
MSTR,amc
CTVA,amc
FERG,bmo
CHCJY,--
SVKEF,--
ALC,amc
CPNG,amc
GFS,bmo
IFCZF,amc
ALAB,amc
AVIFY,--
VWDRY,--
WAT,bmo
BNTX,bmo
CMAKY,--
BCH,--
DD,bmo
MTUAY,--
ULS,bmo
RAIFY,--
TLN,amc
BALL,bmo
J,amc
CTTAY,--
TOITF,amc
ONTO,amc
COVTY,--
LTM,--
BBSEY,--
AHCHY,--
FMS,bmo
TIMB,amc
BLD,bmo
AIZ,amc
SOLV,amc
EMBJ,--
JKHY,amc
DRS,bmo
ENLT,bmo
DLAKY,--
DOCN,bmo
ISMAY,--
TEM,amc
PRIM,amc
RVTY,bmo
LUMN,amc
JOBY,amc
AGCO,bmo
PCOR,bmo
CHRD,amc
JXN,amc
CYTK,amc
VOYA,amc
ECG,amc
DPMLF,amc
CIFR,bmo
INGR,bmo
WILYY,--
JAN,amc
TFPM,amc
GXO,amc
ZLNDY,--
PTGX,--
KVYO,amc
COGT,--
ACT,amc
LTH,bmo
COMP,amc
RYTM,bmo
CIGI,bmo
KNF,bmo
VSEC,amc
PFSI,amc
MLLUY,--
SHC,bmo
MWA,amc
STNG,bmo
LEU,amc
NVTS,amc
DAVE,amc
HNGE,amc
TMDX,amc
KAI,amc
SUNC,bmo
AVA,bmo
OPLN,bmo
NSA,amc
BTU,bmo
RCUS,amc
BEAM,--
TTAM,amc
WK,amc
UPST,amc
DNLI,--
BOSSY,--
LCII,bmo
GPK,bmo
MSGE,--
ANDE,amc
TALO,amc
IDYA,--
VERA,--
LMAT,amc
RLAY,amc
VGNT,amc
RARE,amc
CURLF,amc
BOWFF,amc
GRAL,amc
FRSH,amc
AMFPF,bmo
ADPT,amc
DRVN,--
HURN,amc
BRBR,bmo
LCID,amc
XPRO,bmo
IE,--
FDP,bmo
BBAI,amc
AGM,amc
MD,bmo
SHO,bmo
MQ,amc
SGRY,bmo
RVLV,amc
DEI,amc
INTA,amc
AHCO,bmo
TRVI,amc
OUST,amc
EFC,amc
FLYW,amc
ECVT,bmo
KOS,bmo
ATEC,amc
WLFC,bmo
VTOL,amc
ARDT,amc
VRDN,--
ENR,bmo
WOLF,amc
SHLS,bmo
DFIN,bmo
PRA,--
GIC,amc
LIND,bmo
VIRDY,amc
LMB,amc
MBC,amc
AVNS,--
AGBK,amc
IRS,--
BV,amc
OCSL,bmo
INNV,amc
PNTG,--
FTRE,bmo
IGIC,amc
UFCS,amc
ACEL,amc
CRCT,amc
ODV,--
JBGS,amc
SDGR,amc
TALK,--
SLRC,amc
GFR,amc
ULCC,bmo
ODD,--
IART,bmo
WLKP,bmo
FWRG,bmo
NRGV,amc
BOW,bmo
SLDP,amc
BIOA,--
TSAT,bmo
SWIM,amc
HY,amc
MNTN,amc
OIS,bmo
EVGO,bmo
KE,amc
GLRE,amc
GOOD,amc
PSTL,amc
MG,amc
OCGN,bmo
ACIC,amc
EMBC,bmo
BWMN,amc
BMBL,amc
LDI,amc
HQ,bmo
UPB,--
PTLO,bmo
EPRX,--
YORW,--
MEC,amc
ALIT,amc
PRTH,--
BXC,amc
GBLI,bmo
ONIT,bmo
VMD,amc
TYGO,amc
HVT.A,bmo
LVWR,bmo
GNE,--
NC,amc
LAB,amc
GIG,--
SOPH,bmo
HVT,bmo
USNA,amc
SSSS,amc
PRLD,--
HCKT,amc
ATOM,amc
NCMI,--
WEYS,amc
CIX,amc
PDYN,bmo
CARL,amc
NVCT,--
AOMR,bmo
VYGR,--
KROS,--
CXDO,amc
PMTS,bmo
CFBK,--
FACO,--
DTIL,bmo
FOA,amc
TBI,amc
SLQT,bmo
FRSPF,--
STIM,bmo
GTMAY,--
GNLX,--
SCOR,--
AMWL,amc
FCOB,--
PFX,--
CNDA,--
SPRB,--
FTCI,bmo
ACET,--
SEAT,bmo
OKUR,--
PDCC,--
UFI,amc
TCRX,--
FTEK,amc
SQNS,bmo
HCBC,--
SNSE,--
SST,--
KTCC,amc
SNTI,--
MNDO,--
INTZ,--
CYCN,--
SCKT,amc
RIINF,--
BCAB,--
LYRA,--
DRCT,--
WHLR,--
CBDBY,--
EPOAY,--
UNBX,--
MCN,bmo
STREF,--
EVGRF,--
CVS,bmo
DIS,bmo
SNAP,amc
KHC,bmo
CF,amc
FTNT,amc
O,amc
MET,amc
NMM,--
ALB,amc
LB,amc
NVAX,bmo
PAYC,amc
APA,amc
EXC,bmo
VNDA,amc
CAPL,amc
EQNR,bmo
UUUU,amc
AXON,amc
SEDG,bmo
BGSF,amc
GOLD,amc
STAA,--
XPER,amc
SRPT,amc
NTR,amc
CLH,bmo
GT,amc
MAR,bmo
ACAD,amc
GERN,bmo
MTDR,amc
CDW,bmo
CGNX,amc
NICE,bmo
KTOS,amc
INVA,--
EC,--
MKSI,amc
HLF,amc
EPR,amc
RUN,amc
NRG,bmo
NVO,bmo
PEN,--
WHR,amc
ARRY,amc
MUR,amc
HP,amc
CRUS,amc
AG,--
JCI,bmo
BTG,amc
DXPE,--
COHR,amc
ADNT,bmo
EVTC,amc
YPF,--
TGTX,bmo
KRO,amc
CHGG,amc
APO,bmo
Z,amc
ES,amc
TPVG,amc
ZG,amc
EHTH,amc
AWR,amc
LTC,amc
MNKD,amc
CVE,bmo
BWA,bmo
CODI,amc
TKR,bmo
RDN,amc
SN,bmo
CXW,amc
FLEX,bmo
ATO,amc
FG,amc
IEP,bmo
CDE,amc
LPX,bmo
NGVT,amc
UGI,amc
FTS,bmo
RGLD,amc
CSGS,--
VET,bmo
HRB,amc
COKE,amc
ARAY,amc
SM,amc
WSR,--
HBB,amc
QSR,bmo
CW,amc
OC,bmo
PTC,amc
TNK,--
COR,bmo
BRKR,bmo
GPN,bmo
PRGO,bmo
GEO,bmo
CMP,amc
TLK,--
GLAD,amc
VCTR,amc
BCRX,bmo
BKH,amc
ITT,bmo
NI,bmo
ELAN,bmo
GLPG,amc
ATNI,amc
SLF,amc
KLIC,amc
NRP,bmo
DIN,bmo
NYT,bmo
CENT,amc
FSM,amc
ARM,amc
UBER,bmo
APP,amc
SAXPY,--
DASH,amc
WBD,amc
JAPAY,--
OSAGF,--
MDLN,bmo
BAMXF,--
LBLCF,bmo
LGRDY,--
ADRNY,--
BBD,amc
BBDO,amc
TKO,amc
SYM,amc
TS,amc
ONC,bmo
RVMD,amc
TPL,amc
RPRX,bmo
FSNUY,--
PHG,bmo
UTHR,bmo
VONOY,--
KLBAY,--
WSPOF,amc
LUNMF,amc
FLUT,amc
TRMLF,amc
PR,amc
YAHOY,--
AMCR,bmo
WES,amc
IONQ,amc
TRMB,bmo
JRONY,amc
SITM,amc
PAYP,amc
HST,amc
RRX,amc
PFGC,bmo
FNF,amc
SOLS,bmo
PODD,bmo
MDGL,bmo
AMH,amc
IVPAF,amc
AUR,amc
EQX,amc
HLI,amc
LFUS,bmo
CART,bmo
WTS,amc
ICLR,--
BROS,amc
ELEEF,amc
PRI,amc
TECH,bmo
LLYVK,--
HUT,bmo
CHYM,amc
LLYVA,--
LINE,bmo
SNEX,amc
EGIEY,--
PCVX,--
KNTK,amc
QGEN,--
YOU,bmo
AUGO,amc
ORA,amc
TRNO,--
OGC,amc
OR,amc
SCRYY,--
UGP,--
LNWO,amc
RYN,amc
CORZ,amc
MIRM,amc
KGS,--
OBDC,amc
GOLF,bmo
UWMC,bmo
MAC,amc
MGY,amc
ARKAY,--
WTM,--
OSCR,bmo
SR,bmo
OTF,amc
APLS,--
MRP,bmo
PRM,bmo
TPC,amc
SGBAF,--
RELY,amc
WHD,amc
REYN,bmo
MIAX,amc
BCO,bmo
TBBB,amc
NVST,amc
EE,amc
FSLY,amc
MRX,bmo
CTRI,amc
WBI,amc
TAC,bmo
CWYUF,amc
ARIS,amc
HGTY,bmo
BLLN,amc
BKD,amc
SII,bmo
STLJF,bmo
FRPT,bmo
LIVN,bmo
NATL,amc
PLMR,amc
LOIMF,--
KD,bmo
CPK,amc
KMT,bmo
MGEE,--
ARQT,amc
AMPX,amc
KXSCF,amc
SHOO,bmo
TARS,amc
SLNO,--
KREVF,--
SEZL,amc
TGB,amc
HNI,bmo
CXT,amc
IRON,--
DNOW,--
AMBBY,--
ADMA,amc
GRDN,amc
GNNDY,--
VRRM,amc
FLNC,amc
NWN,bmo
FLOC,bmo
MLYS,amc
PAHC,amc
FPLSF,amc
CCU,--
DGII,amc
CENTA,amc
PTRN,amc
UTI,amc
BLBD,amc
SKWD,amc
TIC,bmo
ESTA,bmo
NEXA,amc
HCI,amc
KMPR,amc
TSHA,bmo
MGNI,amc
HMN,amc
RXRX,bmo
ECPG,amc
RDW,amc
SMA,amc
WMK,--
DV,amc
GTBIF,amc
SILA,--
JJSF,bmo
LILAK,amc
VIR,amc
LILA,amc
TROX,amc
SKYT,--
AMSSY,--
KW,--
ASTE,bmo
XZO,amc
CLOV,amc
RYZ,amc
NVGS,bmo
IMCR,--
DLX,bmo
TRIN,bmo
PCT,amc
CRI,bmo
XPEL,bmo
SVV,amc
ALNT,amc
AOSL,amc
MUX,--
ABTC,amc
DEC,amc
URGN,bmo
PRSU,amc
UTZ,bmo
AZTA,bmo
LZ,amc
EYPT,bmo
EVO,bmo
SAFT,--
LIFE,amc
LUCK,bmo
MFIC,amc
USPH,amc
BUR,--
EPC,bmo
GNK,amc
FBAK,--
ALVO,amc
AEVA,amc
NPK,--
NEWP,--
CRTO,bmo
TBLA,bmo
INMD,bmo
HMH,amc
ACVA,amc
XNCR,--
HPK,amc
ROOT,amc
BVS,bmo
GDRX,amc
GROY,amc
STKL,--
REPX,amc
BBSI,amc
CSV,amc
MEG,amc
VEL,amc
CSTL,amc
AMPL,amc
HNRG,amc
IBTA,amc
ISOU,--
NRDS,amc
EHAB,--
RGR,amc
UDMY,--
OTCM,amc
NXDR,amc
ZVRA,amc
TASK,amc
ERII,amc
SD,--
RMR,amc
MLR,amc
CPS,amc
IPI,amc
RDVT,amc
BLMN,bmo
MATV,amc
GAMI,--
GPRK,--
IMXI,--
AGL,amc
XRN,amc
VALN,--
ELA,amc
BYND,amc
ADV,bmo
SRTA,bmo
ALTO,amc
OEC,amc
LRMR,--
PKOH,amc
SGU,amc
NVEC,amc
LSAK,amc
HLLY,bmo
CZNC,--
CLFD,amc
FVR,amc
BPOSY,bmo
REI,amc
HNST,amc
TBRG,--
ECX,--
MTRX,amc
NAGE,amc
IBEX,amc
CMTG,amc
FUBO,bmo
PSBD,bmo
DMAC,amc
EVTL,bmo
NL,amc
RXST,amc
SEG,amc
LENZ,--
RDNW,--
NASB,--
CCCC,--
LAW,bmo
LTRX,amc
HDSN,amc
SMRT,bmo
SVC,amc
MASS,bmo
TWIN,bmo
OSS,bmo
ALVOF,--
LFMD,amc
SGHT,amc
RCMT,--
OSUR,amc
CNTX,--
MNTK,amc
OSG,amc
SRI,--
KRRO,--
TKNO,amc
LFCR,bmo
KRMD,amc
KVHI,--
BHR,amc
MDV,--
BRLT,amc
TNYA,--
QTRX,amc
ACNT,amc
BNCC,--
FORR,amc
NNBR,amc
DRTTF,amc
UNB,--
BAER,amc
CGTX,--
BSBK,--
ARQ,amc
ZVIA,amc
MXCT,--
STEM,amc
CPSH,--
BTMD,amc
AIRG,amc
DLHC,amc
ATYR,--
SLNG,amc
HNNA,--
SERA,amc
NDLS,amc
CLNN,--
MCRB,--
SNBR,--
GEG,--
LFVN,amc
STKS,amc
ECOR,amc
WBX,bmo
JETMF,amc
LSF,--
MYO,--
RAND,bmo
LPSN,--
PFSB,--
ABVC,--
CYN,--
FPBC,--
AUST,--
FALC,--
INAB,--
NOTV,--
AWX,--
XCRT,--
NVNO,--
ERNA,--
QVCGQ,--
QVCAQ,--
FCUV,--
OPITQ,--
CORZQ,--
BMWKY,--
GILD,amc
MCD,bmo
TTD,amc
TRIP,bmo
WYNN,amc
DBX,amc
HIMX,bmo
INGN,amc
HTZ,bmo
MCFT,bmo
PLNT,bmo
AAOI,amc
AKAM,amc
GTE,amc
VCEL,bmo
TNDM,amc
MAIN,amc
ABX,amc
ALRM,amc
MCHP,amc
GRPN,amc
CWEN,amc
LGND,bmo
FNKO,amc
ZTS,bmo
YELP,amc
DIOD,amc
BDX,bmo
PBYI,amc
LNG,bmo
CIM,bmo
ED,amc
MTLS,bmo
MITK,amc
DXC,amc
EVRG,bmo
III,amc
INSG,amc
AES,--
VSTM,amc
MELI,amc
FOXF,amc
SSYS,bmo
RNG,amc
HUBS,amc
LOCO,amc
APPN,bmo
BCE,bmo
MCK,amc
GWW,bmo
WTI,amc
G,amc
WPM,amc
MBUU,amc
GTN,bmo
QNST,amc
MSI,amc
EXPE,amc
MNST,amc
MPX,bmo
AMN,amc
LEG,bmo
CNQ,bmo
FUN,bmo
TREX,bmo
CG,bmo
TPR,bmo
SPH,bmo
ARWR,amc
NXST,bmo
SRE,bmo
CAI,amc
MMS,bmo
BLFS,amc
ASYS,amc
LASR,amc
HAE,bmo
COLD,bmo
GH,amc
TRGP,bmo
OLN,amc
PZZA,bmo
RSG,amc
BTE,amc
SHAK,bmo
ACRE,bmo
CLNE,amc
TCPC,bmo
HASI,amc
MTSI,bmo
ACIW,bmo
CHMI,amc
UPWK,amc
CTRE,amc
GMED,amc
ACLS,amc
CENX,amc
GOGO,bmo
LNC,bmo
CLAR,amc
CDXS,amc
RDWR,bmo
TXRH,amc
ACMR,bmo
GEN,amc
RGA,amc
ESPR,bmo
GEVO,amc
SPB,bmo
PRTS,amc
EPAM,bmo
CLDT,bmo
SSP,amc
APYX,bmo
MMI,bmo
EVH,bmo
SENS,amc
CARG,amc
TTGT,amc
MDU,bmo
PFLT,amc
SHEL,bmo
HWM,bmo
ABNB,amc
NET,amc
VST,bmo
COIN,amc
CRWV,amc
ARGX,bmo
RKLB,amc
DDOG,bmo
XYZ,amc
RKT,amc
NJDCY,--
KVUE,bmo
INSM,bmo
NTRA,amc
HENKY,bmo
MTD,amc
AFRM,amc
CPAY,amc
USFD,bmo
FWONB,bmo
FWONA,bmo
FWONK,bmo
VTRS,bmo
NWS,amc
SGI,bmo
IREN,amc
WMG,amc
TOST,amc
NWSA,amc
ASND,bmo
LAMR,bmo
BBIO,amc
MP,amc
DKNG,amc
U,bmo
SKBSY,bmo
WTRG,bmo
GTLS,--
ARW,bmo
AHR,amc
BSY,bmo
ALGM,bmo
SEOAY,bmo
CELH,bmo
ESE,amc
CWENA,amc
SARO,amc
CRL,bmo
IBP,bmo
AAON,bmo
PRMB,bmo
CWAN,amc
SOBO,amc
GATX,bmo
MIDD,bmo
ESAB,bmo
MONOY,--
BXSL,bmo
PCTY,amc
LYFT,amc
FROG,amc
MKTX,bmo
SRRK,bmo
LBRDA,bmo
LNTH,bmo
OTEX,amc
TFX,bmo
OUT,amc
PTCT,amc
BGC,bmo
LOAR,bmo
OPEN,amc
STVN,bmo
NNI,amc
VNT,bmo
POST,amc
FBIN,amc
CNR,bmo
GPGI,bmo
SIM,--
MDA,bmo
GFF,bmo
VVV,bmo
SMR,amc
INSW,bmo
WSC,amc
CRNX,amc
KTB,bmo
POWI,amc
CVSA,amc
BILL,amc
HHH,amc
AGO,amc
SYNA,amc
FOUR,bmo
BKV,bmo
AVNT,bmo
SOUN,amc
CWK,bmo
RXO,bmo
EFXT,bmo
TR,--
PRVA,bmo
ICUI,amc
LFST,bmo
CON,amc
TXG,amc
CALY,amc
SPNT,amc
XMTR,bmo
FIGS,amc
GRND,amc
ZLAB,bmo
NTCT,bmo
WRBY,bmo
MNR,amc
PTON,bmo
NSIT,bmo
GCMG,bmo
FA,bmo
DFTX,amc
PRDO,amc
AVPT,amc
EVCM,amc
STOK,amc
ZYME,amc
VERX,bmo
TGLS,bmo
ASTH,amc
IOSP,amc
PVLA,bmo
HRMY,bmo
AMLX,bmo
RES,bmo
AORT,amc
ZD,amc
WD,bmo
PAYO,bmo
HINOY,--
PDFS,amc
KRP,bmo
GCT,bmo
NVRI,--
TPB,bmo
KDK,amc
ARLO,amc
IOVA,bmo
PGNY,amc
REAL,amc
RCAT,amc
PLTK,bmo
NOMD,bmo
INOD,amc
ACDC,bmo
ENOV,bmo
MSDL,amc
BKSY,bmo
KODK,amc
ICFI,amc
GLIBK,bmo
GPRE,bmo
CCO,--
ATLC,amc
CCEC,bmo
PHAR,bmo
ROCK,bmo
PGY,bmo
WLDN,amc
GTN.A,bmo
GSBD,amc
LQDT,bmo
COLL,bmo
GENI,bmo
XERS,bmo
ARHS,bmo
TWFG,amc
CRAI,bmo
INDI,amc
GLIBA,bmo
HEPS,amc
AMPH,amc
XIFR,bmo
NABL,bmo
VYX,bmo
BBDC,amc
OBE,bmo
MRVI,amc
HRTG,amc
SCSC,bmo
JMIA,bmo
RPC,bmo
OMDA,amc
SNCY,--
PRAA,amc
SG,amc
OPFI,bmo
GRNT,amc
KURA,--
ABSI,amc
MYE,bmo
PURR,amc
OPTU,bmo
ARKO,bmo
LPTH,amc
SERV,amc
FIP,amc
CRSR,amc
SABR,bmo
NCDL,bmo
ASC,bmo
FDUS,amc
CTMX,amc
IIIV,amc
TXO,--
FWRD,amc
LXRX,bmo
DNUT,bmo
BETR,bmo
IRWD,bmo
NGVC,amc
VTEX,amc
CARS,bmo
OFRM,amc
ARVN,--
BCAL,--
PRTA,amc
CTKB,amc
VITL,bmo
PSNL,amc
KRT,amc
WEST,amc
PAR,amc
STTK,--
KELYB,bmo
TRC,bmo
DNA,amc
HPP,bmo
PACB,amc
ACTG,bmo
VREX,amc
CCSI,amc
NATR,amc
PUBM,amc
REAX,bmo
TSSI,amc
VHI,amc
CDRO,bmo
CRNC,amc
CTEV,bmo
CION,bmo
TOI,amc
BLND,amc
XFOR,--
RXT,bmo
NNDM,amc
MAGN,bmo
DCTH,bmo
SPT,amc
NUS,amc
KELYA,bmo
CCRN,amc
XPOF,amc
SVCO,amc
ASLE,amc
STRT,amc
KFS,amc
ASPN,bmo
PNNT,amc
STRZ,amc
ORGO,amc
RILY,amc
MBI,amc
SITC,amc
OPRT,amc
GSIT,amc
REFI,bmo
ALTG,amc
ATLO,--
CMT,bmo
ZIP,amc
ARCT,amc
PROF,amc
RWAY,amc
KINS,amc
RGCO,amc
CMRC,bmo
TBCH,amc
FLWS,bmo
RMAX,amc
AMTX,bmo
QSI,amc
LPRO,amc
INFU,bmo
PAL,amc
OABI,amc
UP,--
ELME,--
INSE,bmo
LEE,bmo
DOUG,--
TCX,amc
WHF,bmo
NRDY,amc
ONL,amc
ECBK,--
LCUT,bmo
IFRX,bmo
TTEC,amc
OWLT,amc
CCLD,bmo
JYNT,amc
EDAP,bmo
DTI,amc
GEOS,amc
SUIG,amc
PSBQ,--
HSDT,--
SKIN,amc
WW,bmo
DH,amc
BCIC,amc
EXFY,amc
FLL,amc
TEAD,bmo
OM,amc
ISPR,bmo
MERC,amc
SGA,bmo
AFCG,bmo
SRTS,amc
COCH,--
CDLX,amc
TCBS,--
USEG,bmo
HGBL,amc
GROV,amc
DIIBF,amc
INMB,amc
ALGS,amc
EVAX,bmo
RMTI,bmo
KPLT,bmo
NEPH,amc
NXTC,--
PSQH,bmo
SWSSF,amc
GWH,amc
BZFD,amc
BMNM,amc
FLUX,amc
QRHC,amc
QNRX,bmo
ATGN,amc
SYRA,bmo
NOTE,amc
GOVX,--
AOXY,--
LLYVB,bmo
RZC,amc
MSIF,amc
ENB,bmo
ABR,bmo
PPL,bmo
STWD,bmo
PAA,--
GLP,bmo
TDS,bmo
RDY,--
BAM,bmo
ATNM,--
OSK,bmo
HE,amc
AU,bmo
WEN,bmo
FLR,bmo
ESNT,bmo
ICAGY,--
OGEN,--
AQN,bmo
PBA,bmo
KOP,bmo
TU,bmo
CLMT,bmo
JOUT,bmo
MHVYF,--
NTTYY,--
RCRUY,--
UI,--
CRZBY,bmo
SATS,--
FIS,bmo
NPSCY,--
KUBTY,--
KWHIY,--
SONVY,--
ORKLY,--
UNICY,--
ELPC,--
WULF,bmo
JHG,amc
BBUC,bmo
ROAD,bmo
SBHGF,--
DINRF,--
TKC,--
PAGP,--
BRTHY,--
ORLA,amc
AD,bmo
THKLY,--
BH.A,--
PPTA,--
NHC,--
AMR,bmo
DNACF,--
SOC,--
PORBF,--
ANIP,bmo
SLVM,bmo
ALMR,bmo
TILE,bmo
DCH,bmo
JBIO,--
EDN,--
SBR,--
SLI,--
MCEM,--
SKYC,--
GYRE,--
BH,--
ASIX,bmo
THM,--
DCBO,bmo
VREOF,--
GRVY,--
NGNE,--
LOGC,--
SRZN,--
AMCX,bmo
PBFS,--
EDTXF,--
NODK,--
SABS,--
AIRS,bmo
NEN,--
PLX,--
DIBS,bmo
STRW,bmo
ATLX,--
SNWV,--
EMPD,--
TMCI,bmo
ULBI,--
NEOV,--
RPID,--
UBCP,--
LONA,--
MAIA,--
NORD,--
PMVP,--
RYM,--
SELF,--
LNSR,bmo
CTM,--
JANL,--
ENTX,--
FSEA,--
AGIG,--
KBSX,--
GLXZ,--
BHM,--
RDGL,--
NTIP,--
BOLD,--
INUV,--
MSGM,--
NEWH,--
WVFC,--
ALLR,--
CVR,--
PCMC,--
KPRX,--
CELZ,--
SILO,--
HCWC,--
CBSC,--
DXYN,--
ENZN,--
SNGX,--
TWNPQ,--
ITP,--
NAUH,--
QYBX,--
INNI,--
CMCT,--
PCRHY,--
