Ticker Symbol,Earnings Time
ENB,bmo
AAP,bmo
TRP,bmo
CCJ,bmo
MGA,bmo
WEN,bmo
CBL,--
ESNT,bmo
MRNA,bmo
WTER,--
MMI,bmo
HESAY,--
SAFRY,--
TKOMY,--
NWG,bmo
MSADY,--
SMPNY,--
SMCAY,--
HRNNF,bmo
NHYDY,bmo
ASCCY,--
KNBWY,--
ISUZY,--
DNPLY,--
SBHGF,--
CIGI,bmo
ATMU,bmo
ACDVF,bmo
SXT,bmo
SOHVY,--
XXI,--
AMDLY,--
CSIOY,--
PORBF,--
THS,--
PGENY,--
DCH,bmo
TMQ,--
RR,--
CMDB,--
BNTC,--
QDMI,--
GIG,--
AIRO,--
CEPO,--
USBC,--
NUTR,--
WHG,amc
BNCC,--
CNRD,--
SOMC,--
ALYAF,bmo
BSBK,--
CTOR,--
IXHL,--
CPTP,--
FGNX,--
SCLX,--
NSRCF,--
SUUN,--
FORA,--
INTG,--
CLPR,--
PXHI,--
JANL,--
ARAI,--
CVM,--
FARM,amc
SAFX,--
SEV,--
HRGN,--
OMCC,--
OTLK,--
SCIA,--
IGC,--
NEUP,--
BTOC,--
NAII,--
NNVC,--
ANEB,--
SGRP,--
CTXR,--
ITRM,--
BNET,--
UUU,--
PCSV,--
BRN,--
CETX,--
WCFB,--
IQST,--
LSH,--
EDSA,--
XAIR,bmo
TWSI,--
CRTD,--
MSN,--
TGL,--
RVYL,--
APVO,--
SONM,--
RSAU,--
ASTC,--
FUNI,--
ATXG,--
GLUC,--
VAPR,--
SBLX,--
AIHS,--
TRCK,--
ECIA,--
GP,--
ALBT,--
PPCB,--
DFSC,--
MWAI,--
RIHT,--
APLIF,--
OILCF,--
TRNR,--
LBUY,--
ESMC,--
ZCAR,--
XAGE,--
FITY,--
STTX,--
HGAS,--
SISI,--
DYNTQ,--
BLMZF,--
NXEN,--
KRBPQ,--
DHAI,--
BYOC,--
CBLAQ,--
FJTSY,--
PRSI,--
GTLL,--
NPCPF,--
FKWL,--
